NormalX,NormalY,NormalZ
-0.0173814,-0.959,-0.282871
-0.772181,0.19186,-0.605744
0.653092,0.215457,-0.725982
