NormalX,NormalY,NormalZ
-0.0176076,-0.959061,-0.28265
-0.77204,0.19155,-0.606022
0.653584,0.215124,-0.725637
