NormalX,NormalY,NormalZ
-0.0175152,-0.959025,-0.282778
0.654644,0.215012,-0.724714
-0.772075,0.191866,-0.605878
