NormalX,NormalY,NormalZ
-0.0174368,-0.959021,-0.282799
-0.772148,0.191896,-0.605776
0.654704,0.214952,-0.724678
