NormalX,NormalY,NormalZ
-0.0174165,-0.959016,-0.282815
0.654694,0.215021,-0.724667
-0.772095,0.191866,-0.605852
